1,"BELATHUR ROAD":BENGALURU,7094792597:7094792598,AXIS=1000:ICICI=20000:HDFC=30000
2,"BELATHUR ROAD":CHENNAI,7094792597:7094792598,AXIS=1000:ICICI=20000:HDFC=30000
3,"BELATHUR ROAD":BENGALURU,7094792597:7094792598,AXIS=1000:ICICI=20000:HDFC=30000
4,"BELATHUR ROAD":CHENNAI,7094792597:7094792598,AXIS=1000:ICICI=20000:HDFC=30000
5,"BELATHUR ROAD":BENGALURU,7094792597:7094792598,AXIS=1000:ICICI=20000:HDFC=30000
6,"BELATHUR ROAD":CHENNAI,7094792597:7094792598,AXIS=1000:ICICI=20000:HDFC=30000
7,"BELATHUR ROAD":BENGALURU,7094792597:7094792598,AXIS=1000:ICICI=20000:HDFC=30000
8,"BELATHUR ROAD":CHENNAI,7094792597:7094792598,AXIS=1000:ICICI=20000:HDFC=30000
9,"BELATHUR ROAD":BENGALURU,7094792597:7094792598,AXIS=1000:ICICI=20000:HDFC=30000
10,"BELATHUR ROAD":CHENNAI,7094792597:7094792598,AXIS=1000:ICICI=20000:HDFC=30000
